Iteration No.,Matrix 1,Matrix 2,Result
0,"[[2 1 3 3 5 4 5 9 1 2 8 2 7 4 6 4]
 [6 6 9 3 8 8 4 9 2 8 8 3 4 8 2 7]
 [3 2 1 9 1 2 1 9 7 3 1 2 7 5 3 5]
 [5 8 1 5 2 1 3 3 7 1 6 1 2 7 4 4]
 [5 9 6 5 1 5 3 1 6 5 8 3 7 4 9 9]
 [7 6 7 4 5 3 4 3 1 3 3 3 1 1 1 7]
 [5 3 9 5 5 2 5 9 9 8 1 1 2 5 3 8]
 [6 1 6 7 8 9 9 1 7 7 1 7 2 3 1 5]
 [5 8 8 6 2 8 7 1 3 1 5 9 9 3 2 6]
 [4 3 1 8 3 9 8 5 9 3 7 5 7 2 4 4]
 [3 4 3 3 9 6 9 3 7 5 4 3 7 4 6 6]
 [7 9 1 2 3 5 8 2 9 4 8 7 4 4 3 7]
 [4 6 3 2 9 6 7 7 6 3 5 3 9 2 9 8]
 [5 9 7 6 9 1 5 6 9 7 2 4 8 3 1 7]
 [7 1 2 2 4 4 3 6 8 6 1 5 1 2 9 9]
 [4 9 5 1 1 5 9 3 2 6 5 6 4 4 2 7]]","[[1 3 1 2 1 5 9 9 3 5 1 4 4 4 7 5]
 [1 6 8 7 9 2 6 9 6 1 7 7 6 3 6 5]
 [6 2 8 9 3 5 4 3 2 1 1 3 6 7 2 4]
 [6 4 1 6 5 8 4 8 3 5 1 2 6 5 2 3]
 [3 9 8 2 9 2 7 5 9 2 6 5 4 4 3 4]
 [4 7 6 8 6 6 2 7 2 5 8 4 3 5 6 9]
 [5 6 2 8 4 5 7 1 4 4 9 2 8 1 7 9]
 [7 5 9 4 9 7 1 9 1 8 8 2 6 1 4 8]
 [9 2 2 1 7 8 3 1 6 9 8 5 2 6 8 3]
 [8 7 4 1 2 1 5 1 9 8 6 6 5 5 9 5]
 [1 6 4 2 4 7 4 8 9 8 9 9 3 1 9 6]
 [2 7 9 8 7 2 4 3 3 7 4 7 6 3 6 3]
 [5 8 8 6 7 2 8 3 3 1 9 1 6 9 6 5]
 [8 6 1 4 7 1 3 5 1 3 2 7 4 3 8 7]
 [9 4 9 2 1 7 3 9 1 9 9 8 5 8 7 7]
 [3 8 5 5 4 4 1 6 1 6 2 8 5 7 4 2]]","[[12. 16.  5. 15. 12. 20.  4. 30.  9.  6.  4. 64. 10. 49. 16. 12.]
 [ 7. 18.  6. 18.  3. 40. 72. 36. 27. 10.  8. 32. 12. 16. 56. 10.]
 [ 5. 18. 16.  7. 81.  2. 12.  9. 54.  7. 21.  7. 12. 21. 30. 15.]
 [24. 10. 64.  9. 15. 10.  4.  9.  6.  7.  1. 18.  6. 14. 14. 16.]
 [54. 20.  9. 36. 25.  8. 20. 24.  3. 30.  5. 16. 18. 35.  8. 27.]
 [21. 63. 48. 14. 36. 10. 21. 20. 27.  2. 18. 15. 12.  4.  3.  4.]
 [32. 35. 18. 72. 30. 30.  4. 35. 18. 45. 64.  4.  3. 10. 30. 27.]
 [25. 36.  2. 48. 28. 40. 63.  9.  4. 28. 63.  2. 56.  2. 21.  9.]
 [42. 25. 72. 32. 54. 14.  8. 63.  1. 24.  8. 10. 54.  9. 12. 16.]
 [36.  8.  6.  1. 56. 24. 27.  8. 30. 81. 24. 35. 10. 42. 16. 12.]
 [48. 21. 16.  3.  6.  9. 30.  9. 27. 56. 30. 24. 15. 35. 36. 30.]
 [ 7. 42. 36.  2.  8. 21. 20. 64. 18. 72. 36. 72. 21.  4. 36. 18.]
 [16. 28. 54. 24. 14. 18. 24. 21. 21. 42. 12. 35. 18. 27. 12. 27.]
 [35. 40. 72. 42. 42. 18.  8. 15. 18.  9. 63.  2. 24. 72. 18.  5.]
 [72. 42.  1.  8. 14.  4. 12. 15.  6. 24. 12.  7. 20.  3. 16. 63.]
 [63. 16. 81. 10.  1.  7. 15. 81.  3. 18. 54. 40. 30. 32. 28. 14.]]"
1,"[[1 3 3 5 4 5 9 1 2 8 2 7 4 6 4 2]
 [6 9 3 8 8 4 9 2 8 8 3 4 8 2 7 6]
 [2 1 9 1 2 1 9 7 3 1 2 7 5 3 5 3]
 [8 1 5 2 1 3 3 7 1 6 1 2 7 4 4 5]
 [9 6 5 1 5 3 1 6 5 8 3 7 4 9 9 5]
 [6 7 4 5 3 4 3 1 3 3 3 1 1 1 7 7]
 [3 9 5 5 2 5 9 9 8 1 1 2 5 3 8 5]
 [1 6 7 8 9 9 1 7 7 1 7 2 3 1 5 6]
 [8 8 6 2 8 7 1 3 1 5 9 9 3 2 6 5]
 [3 1 8 3 9 8 5 9 3 7 5 7 2 4 4 4]
 [4 3 3 9 6 9 3 7 5 4 3 7 4 6 6 3]
 [9 1 2 3 5 8 2 9 4 8 7 4 4 3 7 7]
 [6 3 2 9 6 7 7 6 3 5 3 9 2 9 8 4]
 [9 7 6 9 1 5 6 9 7 2 4 8 3 1 7 5]
 [1 2 2 4 4 3 6 8 6 1 5 1 2 9 9 7]
 [9 5 1 1 5 9 3 2 6 5 6 4 4 2 7 4]]","[[1 6 8 7 9 2 6 9 6 1 7 7 6 3 6 5]
 [6 2 8 9 3 5 4 3 2 1 1 3 6 7 2 4]
 [6 4 1 6 5 8 4 8 3 5 1 2 6 5 2 3]
 [3 9 8 2 9 2 7 5 9 2 6 5 4 4 3 4]
 [4 7 6 8 6 6 2 7 2 5 8 4 3 5 6 9]
 [5 6 2 8 4 5 7 1 4 4 9 2 8 1 7 9]
 [7 5 9 4 9 7 1 9 1 8 8 2 6 1 4 8]
 [9 2 2 1 7 8 3 1 6 9 8 5 2 6 8 3]
 [8 7 4 1 2 1 5 1 9 8 6 6 5 5 9 5]
 [1 6 4 2 4 7 4 8 9 8 9 9 3 1 9 6]
 [2 7 9 8 7 2 4 3 3 7 4 7 6 3 6 3]
 [5 8 8 6 7 2 8 3 3 1 9 1 6 9 6 5]
 [8 6 1 4 7 1 3 5 1 3 2 7 4 3 8 7]
 [9 4 9 2 1 7 3 9 1 9 9 8 5 8 7 7]
 [3 8 5 5 4 4 1 6 1 6 2 8 5 7 4 2]
 [1 3 1 2 1 5 9 9 3 5 1 4 4 4 7 5]]","[[ 14.  19.   8.  21.  17.  40.  49. 111.  12.  16.  12.  72.  38.  65.
   58.  32.]
 [ 13.  54.  78.  39.  75.  56.  96. 117.  39.  18.  64.  53.  36.  40.
   68.  45.]
 [ 23.  22.  24.  88.  84.  12.  16.  36.  68.  10.  22.  13.  54.  56.
   36.  35.]
 [ 54.  42.  65.  39.  25.  18.  16.  33.  27.  12.   7.  20.  18.  49.
   22.  28.]
 [ 69. 101.  57.  46.  34.  18.  41.  29.  57.  40.  53.  31.  46.  51.
   35.  63.]
 [ 49. 105.  90.  46.  66.  28.  29.  41.  29.  17.  42.  27.  15.   9.
    9.  67.]
 [ 57.  53.  36. 112.  50.  40.  39.  44.  54.  77.  73.   6.  19.  15.
   51.  99.]
 [ 67.  41.  56.  76. 100. 103.  72.  18.  11.  84.  71.  16.  68.   5.
   25.  49.]
 [ 87.  41.  88.  38.  68.  78.  29.  64.  19.  33.  48.  55.  72.  27.
   28.  34.]
 [ 68.  29.  10.   9.  62.  33.  67.  13. 111. 105.  66.  65.  45.  52.
   52.  32.]
 [ 51.  45.  28.   9.  42.  51.  66.  33.  90.  96.  66.  51.  36.  39.
   90.  66.]
 [ 21. 105.  45.  18.  29.  31.  52.  70.  45. 100.  68. 121.  45.  16.
   54.  39.]
 [ 36.  76.  78.  36.  77.  30.  80.  42.  39.  45.  57.  38.  72.  45.
   66.  67.]
 [ 75.  94.  79.  66. 105.  19.  23.  45.  27.  30.  67.  30.  56.  81.
   26.  54.]
 [135.  46.  19.  12.  18.  32.  21.  69.  14.  78.  21.  47.  25.  19.
   79. 126.]
 [ 75.  88. 106.  15.   5.  27.  24.  99.   5.  54.  64.  88.  50.  60.
   36.  28.]]"
2,"[[3 3 5 4 5 9 1 2 8 2 7 4 6 4 2 1]
 [9 3 8 8 4 9 2 8 8 3 4 8 2 7 6 6]
 [1 9 1 2 1 9 7 3 1 2 7 5 3 5 3 2]
 [1 5 2 1 3 3 7 1 6 1 2 7 4 4 5 8]
 [6 5 1 5 3 1 6 5 8 3 7 4 9 9 5 9]
 [7 4 5 3 4 3 1 3 3 3 1 1 1 7 7 6]
 [9 5 5 2 5 9 9 8 1 1 2 5 3 8 5 3]
 [6 7 8 9 9 1 7 7 1 7 2 3 1 5 6 1]
 [8 6 2 8 7 1 3 1 5 9 9 3 2 6 5 8]
 [1 8 3 9 8 5 9 3 7 5 7 2 4 4 4 3]
 [3 3 9 6 9 3 7 5 4 3 7 4 6 6 3 4]
 [1 2 3 5 8 2 9 4 8 7 4 4 3 7 7 9]
 [3 2 9 6 7 7 6 3 5 3 9 2 9 8 4 6]
 [7 6 9 1 5 6 9 7 2 4 8 3 1 7 5 9]
 [2 2 4 4 3 6 8 6 1 5 1 2 9 9 7 1]
 [5 1 1 5 9 3 2 6 5 6 4 4 2 7 4 9]]","[[6 2 8 9 3 5 4 3 2 1 1 3 6 7 2 4]
 [6 4 1 6 5 8 4 8 3 5 1 2 6 5 2 3]
 [3 9 8 2 9 2 7 5 9 2 6 5 4 4 3 4]
 [4 7 6 8 6 6 2 7 2 5 8 4 3 5 6 9]
 [5 6 2 8 4 5 7 1 4 4 9 2 8 1 7 9]
 [7 5 9 4 9 7 1 9 1 8 8 2 6 1 4 8]
 [9 2 2 1 7 8 3 1 6 9 8 5 2 6 8 3]
 [8 7 4 1 2 1 5 1 9 8 6 6 5 5 9 5]
 [1 6 4 2 4 7 4 8 9 8 9 9 3 1 9 6]
 [2 7 9 8 7 2 4 3 3 7 4 7 6 3 6 3]
 [5 8 8 6 7 2 8 3 3 1 9 1 6 9 6 5]
 [8 6 1 4 7 1 3 5 1 3 2 7 4 3 8 7]
 [9 4 9 2 1 7 3 9 1 9 9 8 5 8 7 7]
 [3 8 5 5 4 4 1 6 1 6 2 8 5 7 4 2]
 [1 3 1 2 1 5 9 9 3 5 1 4 4 4 7 5]
 [1 6 8 7 9 2 6 9 6 1 7 7 6 3 6 5]]","[[ 15.  37.  32.  56.  53.  50. 103. 120.  24.  24.  26. 121.  62.  83.
   82.  42.]
 [ 49.  72. 102. 111.  99.  76. 132. 123.  55.  26.  67.  65.  84.  54.
   82.  69.]
 [ 35.  26.  33.  94.  94.  20.  52.  92.  77.  15.  24.  27.  84.  71.
   46.  44.]
 [ 78.  51. 105.  43.  34.  24.  37.  68.  36.  24.  13.  30.  46.  65.
   34.  48.]
 [105. 143.  87.  54.  64.  36.  43.  71.  67.  80.  77.  59.  58.  96.
   89. 108.]
 [ 79. 147.  98.  86.  78.  48.  50.  42.  41.  29.  69.  29.  23.  10.
   58. 130.]
 [ 78.  98.  81. 132.  68.  75.  48. 125.  62.  85.  81.  10.  49.  18.
   83. 139.]
 [ 76.  53.  70.  84. 163. 175.  75.  25.  53.  93. 127.  26.  74.  11.
   65.  67.]
 [151.  97. 112.  40.  84.  85.  34.  67.  28.  73. 102. 109.  87.  37.
   82.  59.]
 [ 71.  35.  42.  15.  98.  89.  87.  85. 138. 161. 111. 128.  51.  56.
   88.  56.]
 [ 59.  66.  55.  81.  84.  69.  78.  54. 105. 124.  78. 100.  60.  57.
  126.  75.]
 [ 66. 113.  61.  36.  64.  47.  68.  97.  57. 108. 131. 125.  69.  43.
   96.  74.]
 [ 84.  94.  80.  72. 119.  37. 101.  72.  42.  60.  63. 101.  80.  72.
  130.  95.]
 [156. 122. 133.  84. 106.  54.  41. 126.  34.  48. 103.  94.  71.  89.
   75.  89.]
 [138.  62.  29.  32.  34.  44.  27. 117.  20.  84.  31.  55.  35.  82.
  115. 140.]
 [ 84. 103. 107.  17.  10.  72.  51. 117.  23.  79.  70. 104.  66.  68.
   85.  48.]]"
3,"[[3 5 4 5 9 1 2 8 2 7 4 6 4 2 1 3]
 [3 8 8 4 9 2 8 8 3 4 8 2 7 6 6 9]
 [9 1 2 1 9 7 3 1 2 7 5 3 5 3 2 1]
 [5 2 1 3 3 7 1 6 1 2 7 4 4 5 8 1]
 [5 1 5 3 1 6 5 8 3 7 4 9 9 5 9 6]
 [4 5 3 4 3 1 3 3 3 1 1 1 7 7 6 7]
 [5 5 2 5 9 9 8 1 1 2 5 3 8 5 3 9]
 [7 8 9 9 1 7 7 1 7 2 3 1 5 6 1 6]
 [6 2 8 7 1 3 1 5 9 9 3 2 6 5 8 8]
 [8 3 9 8 5 9 3 7 5 7 2 4 4 4 3 1]
 [3 9 6 9 3 7 5 4 3 7 4 6 6 3 4 3]
 [2 3 5 8 2 9 4 8 7 4 4 3 7 7 9 1]
 [2 9 6 7 7 6 3 5 3 9 2 9 8 4 6 3]
 [6 9 1 5 6 9 7 2 4 8 3 1 7 5 9 7]
 [2 4 4 3 6 8 6 1 5 1 2 9 9 7 1 2]
 [1 1 5 9 3 2 6 5 6 4 4 2 7 4 9 5]]","[[6 4 1 6 5 8 4 8 3 5 1 2 6 5 2 3]
 [3 9 8 2 9 2 7 5 9 2 6 5 4 4 3 4]
 [4 7 6 8 6 6 2 7 2 5 8 4 3 5 6 9]
 [5 6 2 8 4 5 7 1 4 4 9 2 8 1 7 9]
 [7 5 9 4 9 7 1 9 1 8 8 2 6 1 4 8]
 [9 2 2 1 7 8 3 1 6 9 8 5 2 6 8 3]
 [8 7 4 1 2 1 5 1 9 8 6 6 5 5 9 5]
 [1 6 4 2 4 7 4 8 9 8 9 9 3 1 9 6]
 [2 7 9 8 7 2 4 3 3 7 4 7 6 3 6 3]
 [5 8 8 6 7 2 8 3 3 1 9 1 6 9 6 5]
 [8 6 1 4 7 1 3 5 1 3 2 7 4 3 8 7]
 [9 4 9 2 1 7 3 9 1 9 9 8 5 8 7 7]
 [3 8 5 5 4 4 1 6 1 6 2 8 5 7 4 2]
 [1 3 1 2 1 5 9 9 3 5 1 4 4 4 7 5]
 [1 6 8 7 9 2 6 9 6 1 7 7 6 3 6 5]
 [6 2 8 9 3 5 4 3 2 1 1 3 6 7 2 4]]","[[ 33.  43.  72.  92.  68.  95. 107. 126.  40.  26.  33. 133.  98. 111.
   86.  46.]
 [103.  84. 110. 159. 119. 148. 140. 187.  79.  41.  71.  81.  96.  89.
   94.  87.]
 [ 38. 107.  41.  98. 103.  38. 101. 107.  86.  19.  66.  52.  96.  91.
   55.  52.]
 [ 82.  86. 117.  51.  52.  42.  51.  75.  48.  29.  29.  58.  58.  85.
   64. 120.]
 [135. 173.  89.  94.  76.  41.  85.  76.  99.  92. 140.  67. 130. 105.
  124. 189.]
 [128. 167. 143.  98. 114.  69.  51.  69.  44.  53.  77.  31.  29.  17.
   86. 178.]
 [159. 108.  91. 134. 103. 147.  75. 133.  68.  94.  97.  35.  55.  66.
  123. 148.]
 [124. 102. 102.  93. 181. 176. 110.  32.  62. 149. 139.  44.  79.  36.
  119.  72.]
 [159. 133. 120.  56. 112.  92.  46.  75.  73. 145. 183. 136.  93.  43.
  127. 107.]
 [ 73.  91.  69.  87. 154.  99. 123.  94. 159. 196. 139. 142.  75.  68.
  112.  65.]
 [ 74.  90. 127. 117. 147.  75. 134.  69. 117. 127. 141. 104.  96. 111.
  144.  95.]
 [ 74. 125.  64.  56. 120.  49.  95. 117.  65. 129. 139. 153.  81.  64.
  152. 137.]
 [111. 102. 161.  84. 126.  86. 119.  99.  47.  87. 144. 117. 125. 136.
  158. 137.]
 [177. 170. 178.  89. 126.  78.  50. 168.  36.  72. 119. 118.  76. 138.
   95. 107.]
 [140.  68.  33.  40.  37.  74.  99. 171.  23. 109.  32.  63.  71. 118.
  164. 145.]
 [ 89. 109. 115.  52.  91.  78.  63. 171.  53.  85.  98. 132.  78.  89.
  109.  93.]]"
4,"[[5 4 5 9 1 2 8 2 7 4 6 4 2 1 3 3]
 [8 8 4 9 2 8 8 3 4 8 2 7 6 6 9 3]
 [1 2 1 9 7 3 1 2 7 5 3 5 3 2 1 9]
 [2 1 3 3 7 1 6 1 2 7 4 4 5 8 1 5]
 [1 5 3 1 6 5 8 3 7 4 9 9 5 9 6 5]
 [5 3 4 3 1 3 3 3 1 1 1 7 7 6 7 4]
 [5 2 5 9 9 8 1 1 2 5 3 8 5 3 9 5]
 [8 9 9 1 7 7 1 7 2 3 1 5 6 1 6 7]
 [2 8 7 1 3 1 5 9 9 3 2 6 5 8 8 6]
 [3 9 8 5 9 3 7 5 7 2 4 4 4 3 1 8]
 [9 6 9 3 7 5 4 3 7 4 6 6 3 4 3 3]
 [3 5 8 2 9 4 8 7 4 4 3 7 7 9 1 2]
 [9 6 7 7 6 3 5 3 9 2 9 8 4 6 3 2]
 [9 1 5 6 9 7 2 4 8 3 1 7 5 9 7 6]
 [4 4 3 6 8 6 1 5 1 2 9 9 7 1 2 2]
 [1 5 9 3 2 6 5 6 4 4 2 7 4 9 5 1]]","[[3 9 8 2 9 2 7 5 9 2 6 5 4 4 3 4]
 [4 7 6 8 6 6 2 7 2 5 8 4 3 5 6 9]
 [5 6 2 8 4 5 7 1 4 4 9 2 8 1 7 9]
 [7 5 9 4 9 7 1 9 1 8 8 2 6 1 4 8]
 [9 2 2 1 7 8 3 1 6 9 8 5 2 6 8 3]
 [8 7 4 1 2 1 5 1 9 8 6 6 5 5 9 5]
 [1 6 4 2 4 7 4 8 9 8 9 9 3 1 9 6]
 [2 7 9 8 7 2 4 3 3 7 4 7 6 3 6 3]
 [5 8 8 6 7 2 8 3 3 1 9 1 6 9 6 5]
 [8 6 1 4 7 1 3 5 1 3 2 7 4 3 8 7]
 [9 4 9 2 1 7 3 9 1 9 9 8 5 8 7 7]
 [3 8 5 5 4 4 1 6 1 6 2 8 5 7 4 2]
 [1 3 1 2 1 5 9 9 3 5 1 4 4 4 7 5]
 [1 6 8 7 9 2 6 9 6 1 7 7 6 3 6 5]
 [6 2 8 9 3 5 4 3 2 1 1 3 6 7 2 4]
 [6 4 1 6 5 8 4 8 3 5 1 2 6 5 2 3]]","[[ 51.  63.  76. 122. 113. 103. 115. 190.  46.  61.  37. 145. 122. 121.
   88.  55.]
 [112. 156. 174. 167. 200. 152. 196. 227. 106.  49. 119.  91. 124. 113.
  112. 123.]
 [ 74. 114.  53. 106. 157.  80. 107. 114.  90.  54. 106.  64. 111. 106.
   67.  61.]
 [107.  98. 119.  75.  64.  77.  58.  81.  52.  37.  92.  66.  90.  90.
  120. 129.]
 [170. 178. 134. 106.  85.  83.  90. 148. 102. 148. 172.  85. 184. 110.
  160. 237.]
 [164. 177. 149. 102. 135.  77.  60.  72.  62.  62.  85.  36.  43.  59.
  134. 199.]
 [199. 143.  99. 139. 121. 156. 115. 134.  77. 110. 127.  53.  95.  91.
  150. 193.]
 [131. 150. 138. 111. 185. 225. 138.  40. 125. 165. 166.  53.  94.  42.
  128. 108.]
 [171. 147. 192. 112. 119.  98.  50.  90. 100. 208. 195. 150. 129.  58.
  175. 131.]
 [113. 115. 141. 135. 189. 117. 147. 115. 174. 203. 157. 146.  99. 104.
  130.  70.]
 [ 98. 144. 133. 153. 168.  82. 149.  89. 120. 148. 149. 146. 120. 120.
  176. 116.]
 [ 92. 137. 109.  72. 122. 112. 107. 189.  72. 165. 175. 177. 116. 120.
  215. 144.]
 [117. 174. 191. 119. 154. 110. 122. 129.  50. 141. 148. 189. 165. 164.
  182. 143.]
 [183. 197. 179.  99. 132. 123. 113. 186.  48. 112. 122. 122. 104. 158.
  158. 142.]
 [142.  92.  65.  61.  91.  90. 135. 180.  53. 110.  46. 126. 125. 139.
  170. 155.]
 [ 95. 111. 155. 133. 100.  88.  87. 186.  65.  89. 102. 138. 120. 117.
  127. 113.]]"
5,"[[4 5 9 1 2 8 2 7 4 6 4 2 1 3 3 5]
 [8 4 9 2 8 8 3 4 8 2 7 6 6 9 3 8]
 [2 1 9 7 3 1 2 7 5 3 5 3 2 1 9 1]
 [1 3 3 7 1 6 1 2 7 4 4 5 8 1 5 2]
 [5 3 1 6 5 8 3 7 4 9 9 5 9 6 5 1]
 [3 4 3 1 3 3 3 1 1 1 7 7 6 7 4 5]
 [2 5 9 9 8 1 1 2 5 3 8 5 3 9 5 5]
 [9 9 1 7 7 1 7 2 3 1 5 6 1 6 7 8]
 [8 7 1 3 1 5 9 9 3 2 6 5 8 8 6 2]
 [9 8 5 9 3 7 5 7 2 4 4 4 3 1 8 3]
 [6 9 3 7 5 4 3 7 4 6 6 3 4 3 3 9]
 [5 8 2 9 4 8 7 4 4 3 7 7 9 1 2 3]
 [6 7 7 6 3 5 3 9 2 9 8 4 6 3 2 9]
 [1 5 6 9 7 2 4 8 3 1 7 5 9 7 6 9]
 [4 3 6 8 6 1 5 1 2 9 9 7 1 2 2 4]
 [5 9 3 2 6 5 6 4 4 2 7 4 9 5 1 1]]","[[4 7 6 8 6 6 2 7 2 5 8 4 3 5 6 9]
 [5 6 2 8 4 5 7 1 4 4 9 2 8 1 7 9]
 [7 5 9 4 9 7 1 9 1 8 8 2 6 1 4 8]
 [9 2 2 1 7 8 3 1 6 9 8 5 2 6 8 3]
 [8 7 4 1 2 1 5 1 9 8 6 6 5 5 9 5]
 [1 6 4 2 4 7 4 8 9 8 9 9 3 1 9 6]
 [2 7 9 8 7 2 4 3 3 7 4 7 6 3 6 3]
 [5 8 8 6 7 2 8 3 3 1 9 1 6 9 6 5]
 [8 6 1 4 7 1 3 5 1 3 2 7 4 3 8 7]
 [9 4 9 2 1 7 3 9 1 9 9 8 5 8 7 7]
 [3 8 5 5 4 4 1 6 1 6 2 8 5 7 4 2]
 [1 3 1 2 1 5 9 9 3 5 1 4 4 4 7 5]
 [1 6 8 7 9 2 6 9 6 1 7 7 6 3 6 5]
 [6 2 8 9 3 5 4 3 2 1 1 3 6 7 2 4]
 [6 4 1 6 5 8 4 8 3 5 1 2 6 5 2 3]
 [3 9 8 2 9 2 7 5 9 2 6 5 4 4 3 4]]","[[ 66.  99. 116. 140. 122. 107. 171. 200. 109.  69.  73. 165. 130. 125.
   97.  67.]
 [144. 212. 198. 239. 212. 200. 212. 248. 114.  89. 135. 119. 142. 143.
  166. 150.]
 [ 79. 126.  55. 178. 185.  95. 114. 116. 118.  74. 133.  74. 135. 108.
   74. 142.]
 [121. 103. 146.  87. 127.  84.  64.  90.  54.  93. 124.  74. 120.  98.
  124. 169.]
 [179. 188. 140. 107. 127. 123. 114. 151. 144. 184. 244. 130. 194. 164.
  208. 252.]
 [204. 198. 165. 105. 137.  80.  75.  75.  71.  70.  91.  78.  78.  89.
  197. 219.]
 [204. 155. 119. 157. 157. 212. 119. 142.  95. 150. 154. 125. 110.  94.
  231. 223.]
 [147. 213. 219. 119. 234. 239. 142.  61. 131. 186. 170.  88. 130.  45.
  164. 129.]
 [181. 211. 248. 118. 140. 100.  90. 117. 127. 211. 213. 156. 159. 130.
  223. 161.]
 [137. 169. 149. 155. 252. 120. 168. 140. 181. 209. 165. 174. 115. 113.
  138. 126.]
 [179. 168. 214. 159. 175. 117. 161. 116. 127. 184. 203. 194. 135. 152.
  197. 137.]
 [101. 177. 149.  82. 158. 128. 115. 231.  76. 189. 181. 233. 151. 183.
  219. 148.]
 [126. 192. 198. 133. 160. 125. 167. 156.  77. 151. 157. 221. 181. 188.
  203. 153.]
 [192. 203. 219. 141. 213. 137. 125. 222.  96. 115. 129. 171. 134. 185.
  200. 172.]
 [166. 100.  89. 115. 115. 120. 139. 195.  55. 112.  55. 153. 167. 146.
  174. 163.]
 [101. 131. 164. 151. 110. 136. 107. 234.  77. 109. 104. 152. 144. 162.
  137. 116.]]"
6,"[[5 9 1 2 8 2 7 4 6 4 2 1 3 3 5 4]
 [4 9 2 8 8 3 4 8 2 7 6 6 9 3 8 8]
 [1 9 7 3 1 2 7 5 3 5 3 2 1 9 1 2]
 [3 3 7 1 6 1 2 7 4 4 5 8 1 5 2 1]
 [3 1 6 5 8 3 7 4 9 9 5 9 6 5 1 5]
 [4 3 1 3 3 3 1 1 1 7 7 6 7 4 5 3]
 [5 9 9 8 1 1 2 5 3 8 5 3 9 5 5 2]
 [9 1 7 7 1 7 2 3 1 5 6 1 6 7 8 9]
 [7 1 3 1 5 9 9 3 2 6 5 8 8 6 2 8]
 [8 5 9 3 7 5 7 2 4 4 4 3 1 8 3 9]
 [9 3 7 5 4 3 7 4 6 6 3 4 3 3 9 6]
 [8 2 9 4 8 7 4 4 3 7 7 9 1 2 3 5]
 [7 7 6 3 5 3 9 2 9 8 4 6 3 2 9 6]
 [5 6 9 7 2 4 8 3 1 7 5 9 7 6 9 1]
 [3 6 8 6 1 5 1 2 9 9 7 1 2 2 4 4]
 [9 3 2 6 5 6 4 4 2 7 4 9 5 1 1 5]]","[[5 6 2 8 4 5 7 1 4 4 9 2 8 1 7 9]
 [7 5 9 4 9 7 1 9 1 8 8 2 6 1 4 8]
 [9 2 2 1 7 8 3 1 6 9 8 5 2 6 8 3]
 [8 7 4 1 2 1 5 1 9 8 6 6 5 5 9 5]
 [1 6 4 2 4 7 4 8 9 8 9 9 3 1 9 6]
 [2 7 9 8 7 2 4 3 3 7 4 7 6 3 6 3]
 [5 8 8 6 7 2 8 3 3 1 9 1 6 9 6 5]
 [8 6 1 4 7 1 3 5 1 3 2 7 4 3 8 7]
 [9 4 9 2 1 7 3 9 1 9 9 8 5 8 7 7]
 [3 8 5 5 4 4 1 6 1 6 2 8 5 7 4 2]
 [1 3 1 2 1 5 9 9 3 5 1 4 4 4 7 5]
 [1 6 8 7 9 2 6 9 6 1 7 7 6 3 6 5]
 [6 2 8 9 3 5 4 3 2 1 1 3 6 7 2 4]
 [6 4 1 6 5 8 4 8 3 5 1 2 6 5 2 3]
 [3 9 8 2 9 2 7 5 9 2 6 5 4 4 3 4]
 [4 7 6 8 6 6 2 7 2 5 8 4 3 5 6 9]]","[[ 82. 134. 170. 148. 134. 155. 175. 249. 117.  99. 105. 173. 133. 140.
  115. 112.]
 [184. 236. 216. 255. 244. 240. 233. 252. 146.  97. 198. 131. 190. 152.
  187. 222.]
 [ 93. 131. 136. 206. 212. 102. 116. 179. 123.  98. 173.  80. 147. 109.
  110. 150.]
 [130. 109. 152.  94. 134. 132.  67.  92.  96. 129. 156.  99. 136. 104.
  164. 175.]
 [219. 209. 144. 113. 137. 131. 129. 158. 180. 256. 298. 160. 239. 194.
  253. 257.]
 [207. 222. 177. 107. 149. 101.  87.  83.  80.  78. 154. 141.  96.  96.
  233. 249.]
 [208. 190. 200. 229. 213. 214. 123. 148. 110. 171. 186. 160. 128. 121.
  261. 238.]
 [192. 285. 227. 161. 283. 241. 198.  67. 140. 187. 215.  94. 136.  99.
  206. 169.]
 [245. 253. 249. 130. 147. 105. 117. 162. 130. 217. 225. 191. 191. 154.
  271. 175.]
 [218. 201. 194. 173. 255. 169. 183. 203. 183. 245. 201. 206. 130. 121.
  194. 147.]
 [197. 240. 229. 194. 195. 133. 164. 158. 131. 220. 215. 218. 155. 173.
  209. 155.]
 [106. 201. 151. 100. 162. 168. 178. 267.  88. 204. 188. 261. 187. 187.
  233. 163.]
 [132. 234. 254. 175. 187. 135. 185. 237.  89. 160. 213. 249. 217. 197.
  215. 198.]
 [198. 213. 267. 222. 234. 147. 141. 246. 102. 116. 136. 186. 188. 234.
  212. 208.]
 [190. 112.  95. 163. 145. 128. 159. 203.  61. 157.  64. 167. 173. 156.
  178. 175.]
 [116. 212. 188. 155. 164. 146. 149. 254. 113. 113. 146. 172. 180. 182.
  140. 120.]]"
7,"[[9 1 2 8 2 7 4 6 4 2 1 3 3 5 4 5]
 [9 2 8 8 3 4 8 2 7 6 6 9 3 8 8 4]
 [9 7 3 1 2 7 5 3 5 3 2 1 9 1 2 1]
 [3 7 1 6 1 2 7 4 4 5 8 1 5 2 1 3]
 [1 6 5 8 3 7 4 9 9 5 9 6 5 1 5 3]
 [3 1 3 3 3 1 1 1 7 7 6 7 4 5 3 4]
 [9 9 8 1 1 2 5 3 8 5 3 9 5 5 2 5]
 [1 7 7 1 7 2 3 1 5 6 1 6 7 8 9 9]
 [1 3 1 5 9 9 3 2 6 5 8 8 6 2 8 7]
 [5 9 3 7 5 7 2 4 4 4 3 1 8 3 9 8]
 [3 7 5 4 3 7 4 6 6 3 4 3 3 9 6 9]
 [2 9 4 8 7 4 4 3 7 7 9 1 2 3 5 8]
 [7 6 3 5 3 9 2 9 8 4 6 3 2 9 6 7]
 [6 9 7 2 4 8 3 1 7 5 9 7 6 9 1 5]
 [6 8 6 1 5 1 2 9 9 7 1 2 2 4 4 3]
 [3 2 6 5 6 4 4 2 7 4 9 5 1 1 5 9]]","[[7 5 9 4 9 7 1 9 1 8 8 2 6 1 4 8]
 [9 2 2 1 7 8 3 1 6 9 8 5 2 6 8 3]
 [8 7 4 1 2 1 5 1 9 8 6 6 5 5 9 5]
 [1 6 4 2 4 7 4 8 9 8 9 9 3 1 9 6]
 [2 7 9 8 7 2 4 3 3 7 4 7 6 3 6 3]
 [5 8 8 6 7 2 8 3 3 1 9 1 6 9 6 5]
 [8 6 1 4 7 1 3 5 1 3 2 7 4 3 8 7]
 [9 4 9 2 1 7 3 9 1 9 9 8 5 8 7 7]
 [3 8 5 5 4 4 1 6 1 6 2 8 5 7 4 2]
 [1 3 1 2 1 5 9 9 3 5 1 4 4 4 7 5]
 [1 6 8 7 9 2 6 9 6 1 7 7 6 3 6 5]
 [6 2 8 9 3 5 4 3 2 1 1 3 6 7 2 4]
 [6 4 1 6 5 8 4 8 3 5 1 2 6 5 2 3]
 [3 9 8 2 9 2 7 5 9 2 6 5 4 4 3 4]
 [4 7 6 8 6 6 2 7 2 5 8 4 3 5 6 9]
 [5 6 2 8 4 5 7 1 4 4 9 2 8 1 7 9]]","[[107. 188. 172. 164. 166. 165. 224. 253. 141. 115. 123. 175. 157. 143.
  150. 148.]
 [212. 281. 234. 287. 316. 261. 237. 324. 148. 153. 246. 143. 244. 155.
  219. 286.]
 [102. 149. 150. 209. 219. 118. 137. 184. 141. 143. 197.  90. 149. 163.
  118. 156.]
 [154. 130. 180.  95. 146. 133.  77.  99. 132. 161. 186. 147. 141. 129.
  182. 180.]
 [222. 215. 168. 123. 169. 152. 157. 190. 261. 328. 343. 241. 257. 199.
  262. 287.]
 [215. 243. 186. 131. 170. 107.  91.  86.  83. 127. 182. 183. 138. 108.
  263. 258.]
 [233. 262. 272. 277. 220. 216. 139. 163. 119. 179. 231. 163. 182. 166.
  291. 248.]
 [264. 291. 234. 189. 290. 248. 204.  82. 141. 202. 227. 101. 160. 120.
  270. 232.]
 [308. 257. 276. 132. 152. 168. 144. 189. 132. 271. 270. 255. 231. 202.
  285. 231.]
 [242. 241. 239. 188. 283. 189. 190. 215. 187. 269. 209. 230. 135. 177.
  206. 165.]
 [206. 249. 236. 204. 199. 148. 227. 194. 149. 250. 218. 234. 167. 185.
  272. 185.]
 [114. 213. 223. 128. 234. 182. 202. 303. 106. 211. 237. 324. 193. 193.
  251. 188.]
 [174. 248. 302. 202. 202. 150. 221. 243. 107. 168. 217. 267. 235. 211.
  233. 222.]
 [228. 237. 276. 264. 244. 179. 173. 270. 105. 151. 141. 204. 230. 264.
  230. 211.]
 [199. 166. 159. 175. 154. 138. 166. 213. 142. 175. 106. 172. 181. 164.
  190. 191.]
 [152. 233. 200. 203. 194. 182. 157. 282. 117. 148. 178. 208. 195. 187.
  146. 165.]]"
8,"[[1 2 8 2 7 4 6 4 2 1 3 3 5 4 5 9]
 [2 8 8 3 4 8 2 7 6 6 9 3 8 8 4 9]
 [7 3 1 2 7 5 3 5 3 2 1 9 1 2 1 9]
 [7 1 6 1 2 7 4 4 5 8 1 5 2 1 3 3]
 [6 5 8 3 7 4 9 9 5 9 6 5 1 5 3 1]
 [1 3 3 3 1 1 1 7 7 6 7 4 5 3 4 3]
 [9 8 1 1 2 5 3 8 5 3 9 5 5 2 5 9]
 [7 7 1 7 2 3 1 5 6 1 6 7 8 9 9 1]
 [3 1 5 9 9 3 2 6 5 8 8 6 2 8 7 1]
 [9 3 7 5 7 2 4 4 4 3 1 8 3 9 8 5]
 [7 5 4 3 7 4 6 6 3 4 3 3 9 6 9 3]
 [9 4 8 7 4 4 3 7 7 9 1 2 3 5 8 2]
 [6 3 5 3 9 2 9 8 4 6 3 2 9 6 7 7]
 [9 7 2 4 8 3 1 7 5 9 7 6 9 1 5 6]
 [8 6 1 5 1 2 9 9 7 1 2 2 4 4 3 6]
 [2 6 5 6 4 4 2 7 4 9 5 1 1 5 9 3]]","[[9 2 2 1 7 8 3 1 6 9 8 5 2 6 8 3]
 [8 7 4 1 2 1 5 1 9 8 6 6 5 5 9 5]
 [1 6 4 2 4 7 4 8 9 8 9 9 3 1 9 6]
 [2 7 9 8 7 2 4 3 3 7 4 7 6 3 6 3]
 [5 8 8 6 7 2 8 3 3 1 9 1 6 9 6 5]
 [8 6 1 4 7 1 3 5 1 3 2 7 4 3 8 7]
 [9 4 9 2 1 7 3 9 1 9 9 8 5 8 7 7]
 [3 8 5 5 4 4 1 6 1 6 2 8 5 7 4 2]
 [1 3 1 2 1 5 9 9 3 5 1 4 4 4 7 5]
 [1 6 8 7 9 2 6 9 6 1 7 7 6 3 6 5]
 [6 2 8 9 3 5 4 3 2 1 1 3 6 7 2 4]
 [6 4 1 6 5 8 4 8 3 5 1 2 6 5 2 3]
 [3 9 8 2 9 2 7 5 9 2 6 5 4 4 3 4]
 [4 7 6 8 6 6 2 7 2 5 8 4 3 5 6 9]
 [5 6 2 8 4 5 7 1 4 4 9 2 8 1 7 9]
 [7 5 9 4 9 7 1 9 1 8 8 2 6 1 4 8]]","[[170. 193. 190. 196. 184. 214. 228. 307. 145. 131. 131. 181. 175. 148.
  166. 188.]
 [293. 285. 250. 295. 337. 293. 261. 326. 190. 207. 294. 188. 250. 203.
  283. 298.]
 [174. 198. 162. 210. 223. 125. 162. 187. 186. 167. 209.  96. 194. 168.
  136. 161.]
 [157. 172. 184. 107. 150. 147. 105. 131. 168. 201. 258. 156. 156. 131.
  191. 198.]
 [224. 257. 213. 187. 190. 166. 173. 217. 288. 363. 379. 283. 287. 202.
  292. 296.]
 [230. 251. 210. 149. 191. 109.  99.  89. 104. 134. 236. 190. 162. 153.
  281. 278.]
 [305. 316. 280. 281. 227. 218. 154. 178. 127. 194. 237. 226. 202. 181.
  307. 283.]
 [273. 319. 297. 191. 297. 262. 213.  91. 146. 256. 236. 149. 195. 184.
  333. 295.]
 [311. 281. 281. 157. 188. 204. 147. 201. 138. 301. 286. 319. 261. 216.
  317. 245.]
 [247. 268. 242. 202. 288. 224. 208. 251. 199. 289. 212. 234. 167. 189.
  269. 205.]
 [209. 291. 276. 232. 226. 162. 251. 248. 185. 253. 246. 255. 185. 212.
  308. 230.]
 [126. 231. 255. 200. 255. 202. 218. 312. 120. 218. 246. 327. 205. 214.
  261. 220.]
 [216. 272. 305. 232. 217. 222. 229. 315. 131. 188. 223. 273. 247. 256.
  245. 243.]
 [246. 318. 332. 268. 280. 195. 194. 275. 168. 161. 195. 239. 254. 300.
  233. 231.]
 [223. 222. 195. 183. 184. 144. 170. 276. 160. 210. 114. 180. 187. 184.
  214. 218.]
 [167. 245. 212. 243. 218. 202. 185. 284. 145. 164. 259. 218. 203. 188.
  181. 246.]]"
9,"[[2 8 2 7 4 6 4 2 1 3 3 5 4 5 9 1]
 [8 8 3 4 8 2 7 6 6 9 3 8 8 4 9 2]
 [3 1 2 7 5 3 5 3 2 1 9 1 2 1 9 7]
 [1 6 1 2 7 4 4 5 8 1 5 2 1 3 3 7]
 [5 8 3 7 4 9 9 5 9 6 5 1 5 3 1 6]
 [3 3 3 1 1 1 7 7 6 7 4 5 3 4 3 1]
 [8 1 1 2 5 3 8 5 3 9 5 5 2 5 9 9]
 [7 1 7 2 3 1 5 6 1 6 7 8 9 9 1 7]
 [1 5 9 9 3 2 6 5 8 8 6 2 8 7 1 3]
 [3 7 5 7 2 4 4 4 3 1 8 3 9 8 5 9]
 [5 4 3 7 4 6 6 3 4 3 3 9 6 9 3 7]
 [4 8 7 4 4 3 7 7 9 1 2 3 5 8 2 9]
 [3 5 3 9 2 9 8 4 6 3 2 9 6 7 7 6]
 [7 2 4 8 3 1 7 5 9 7 6 9 1 5 6 9]
 [6 1 5 1 2 9 9 7 1 2 2 4 4 3 6 8]
 [6 5 6 4 4 2 7 4 9 5 1 1 5 9 3 2]]","[[8 7 4 1 2 1 5 1 9 8 6 6 5 5 9 5]
 [1 6 4 2 4 7 4 8 9 8 9 9 3 1 9 6]
 [2 7 9 8 7 2 4 3 3 7 4 7 6 3 6 3]
 [5 8 8 6 7 2 8 3 3 1 9 1 6 9 6 5]
 [8 6 1 4 7 1 3 5 1 3 2 7 4 3 8 7]
 [9 4 9 2 1 7 3 9 1 9 9 8 5 8 7 7]
 [3 8 5 5 4 4 1 6 1 6 2 8 5 7 4 2]
 [1 3 1 2 1 5 9 9 3 5 1 4 4 4 7 5]
 [1 6 8 7 9 2 6 9 6 1 7 7 6 3 6 5]
 [6 2 8 9 3 5 4 3 2 1 1 3 6 7 2 4]
 [6 4 1 6 5 8 4 8 3 5 1 2 6 5 2 3]
 [3 9 8 2 9 2 7 5 9 2 6 5 4 4 3 4]
 [4 7 6 8 6 6 2 7 2 5 8 4 3 5 6 9]
 [5 6 2 8 4 5 7 1 4 4 9 2 8 1 7 9]
 [7 5 9 4 9 7 1 9 1 8 8 2 6 1 4 8]
 [9 2 2 1 7 8 3 1 6 9 8 5 2 6 8 3]]","[[179. 197. 206. 198. 233. 246. 246. 311. 157. 140. 155. 196. 185. 172.
  206. 215.]
 [309. 341. 282. 298. 345. 301. 271. 333. 244. 255. 348. 206. 290. 243.
  319. 343.]
 [181. 216. 166. 214. 251. 160. 174. 227. 213. 183. 218. 177. 197. 170.
  145. 215.]
 [171. 179. 238. 115. 164. 161. 121. 143. 183. 257. 262. 191. 168. 134.
  209. 207.]
 [254. 297. 277. 205. 239. 174. 245. 244. 303. 372. 433. 288. 293. 247.
  310. 301.]
 [238. 269. 213. 161. 198. 110. 102. 124. 111. 152. 250. 218. 182. 162.
  313. 299.]
 [386. 348. 289. 283. 229. 253. 163. 250. 132. 221. 318. 266. 227. 197.
  342. 346.]
 [294. 375. 302. 226. 305. 274. 214. 121. 152. 262. 248. 205. 235. 247.
  369. 297.]
 [314. 284. 286. 175. 197. 219. 165. 255. 153. 341. 294. 343. 269. 248.
  366. 250.]
 [256. 286. 298. 237. 351. 228. 232. 287. 223. 292. 219. 290. 185. 216.
  317. 230.]
 [251. 301. 308. 259. 247. 182. 275. 266. 191. 257. 249. 264. 239. 254.
  326. 242.]
 [180. 247. 263. 242. 275. 234. 230. 368. 141. 263. 247. 331. 223. 239.
  277. 226.]
 [234. 299. 345. 238. 298. 226. 292. 355. 167. 200. 241. 283. 283. 280.
  266. 271.]
 [282. 367. 344. 300. 328. 213. 196. 324. 178. 206. 251. 263. 281. 305.
  263. 285.]
 [263. 258. 197. 223. 188. 154. 233. 285. 188. 214. 132. 184. 219. 188.
  235. 272.]
 [181. 275. 257. 267. 254. 230. 187. 347. 149. 236. 299. 220. 209. 193.
  217. 270.]]"
10,"[[8 2 7 4 6 4 2 1 3 3 5 4 5 9 1 2]
 [8 3 4 8 2 7 6 6 9 3 8 8 4 9 2 8]
 [1 2 7 5 3 5 3 2 1 9 1 2 1 9 7 3]
 [6 1 2 7 4 4 5 8 1 5 2 1 3 3 7 1]
 [8 3 7 4 9 9 5 9 6 5 1 5 3 1 6 5]
 [3 3 1 1 1 7 7 6 7 4 5 3 4 3 1 3]
 [1 1 2 5 3 8 5 3 9 5 5 2 5 9 9 8]
 [1 7 2 3 1 5 6 1 6 7 8 9 9 1 7 7]
 [5 9 9 3 2 6 5 8 8 6 2 8 7 1 3 1]
 [7 5 7 2 4 4 4 3 1 8 3 9 8 5 9 3]
 [4 3 7 4 6 6 3 4 3 3 9 6 9 3 7 5]
 [8 7 4 4 3 7 7 9 1 2 3 5 8 2 9 4]
 [5 3 9 2 9 8 4 6 3 2 9 6 7 7 6 3]
 [2 4 8 3 1 7 5 9 7 6 9 1 5 6 9 7]
 [1 5 1 2 9 9 7 1 2 2 4 4 3 6 8 6]
 [5 6 4 4 2 7 4 9 5 1 1 5 9 3 2 6]]","[[1 6 4 2 4 7 4 8 9 8 9 9 3 1 9 6]
 [2 7 9 8 7 2 4 3 3 7 4 7 6 3 6 3]
 [5 8 8 6 7 2 8 3 3 1 9 1 6 9 6 5]
 [8 6 1 4 7 1 3 5 1 3 2 7 4 3 8 7]
 [9 4 9 2 1 7 3 9 1 9 9 8 5 8 7 7]
 [3 8 5 5 4 4 1 6 1 6 2 8 5 7 4 2]
 [1 3 1 2 1 5 9 9 3 5 1 4 4 4 7 5]
 [1 6 8 7 9 2 6 9 6 1 7 7 6 3 6 5]
 [6 2 8 9 3 5 4 3 2 1 1 3 6 7 2 4]
 [6 4 1 6 5 8 4 8 3 5 1 2 6 5 2 3]
 [3 9 8 2 9 2 7 5 9 2 6 5 4 4 3 4]
 [4 7 6 8 6 6 2 7 2 5 8 4 3 5 6 9]
 [5 6 2 8 4 5 7 1 4 4 9 2 8 1 7 9]
 [7 5 9 4 9 7 1 9 1 8 8 2 6 1 4 8]
 [9 2 2 1 7 8 3 1 6 9 8 5 2 6 8 3]
 [8 7 4 1 2 1 5 1 9 8 6 6 5 5 9 5]]","[[195. 253. 214. 205. 241. 252. 266. 313. 166. 164. 173. 226. 205. 197.
  287. 220.]
 [317. 389. 294. 306. 377. 315. 299. 381. 298. 327. 375. 278. 314. 247.
  400. 355.]
 [187. 223. 184. 270. 286. 166. 194. 236. 219. 190. 254. 184. 209. 173.
  199. 236.]
 [176. 227. 246. 127. 213. 169. 153. 158. 207. 258. 307. 193. 174. 161.
  227. 242.]
 [294. 345. 280. 233. 267. 183. 272. 269. 312. 390. 443. 295. 313. 256.
  318. 343.]
 [265. 281. 240. 163. 199. 117. 123. 187. 117. 215. 286. 258. 197. 194.
  334. 306.]
 [410. 356. 294. 293. 249. 265. 171. 280. 135. 275. 328. 306. 237. 232.
  378. 364.]
 [301. 378. 309. 230. 308. 279. 259. 175. 155. 292. 255. 237. 271. 283.
  376. 332.]
 [315. 314. 358. 238. 224. 223. 201. 300. 201. 349. 336. 357. 317. 269.
  372. 265.]
 [274. 300. 338. 300. 357. 248. 248. 299. 229. 293. 227. 299. 239. 272.
  327. 266.]
 [281. 317. 311. 301. 267. 230. 299. 290. 203. 272. 252. 282. 275. 299.
  332. 263.]
 [192. 319. 319. 250. 311. 240. 279. 403. 222. 265. 259. 346. 243. 271.
  283. 262.]
 [246. 334. 363. 310. 310. 280. 308. 383. 179. 215. 257. 319. 301. 315.
  308. 325.]
 [317. 379. 352. 364. 340. 218. 245. 329. 214. 234. 305. 281. 289. 310.
  305. 366.]
 [305. 263. 242. 227. 206. 217. 242. 348. 189. 230. 148. 192. 243. 191.
  259. 336.]
 [235. 285. 269. 271. 282. 246. 208. 351. 203. 281. 307. 225. 219. 247.
  241. 276.]]"
11,"[[2 7 4 6 4 2 1 3 3 5 4 5 9 1 2 8]
 [3 4 8 2 7 6 6 9 3 8 8 4 9 2 8 8]
 [2 7 5 3 5 3 2 1 9 1 2 1 9 7 3 1]
 [1 2 7 4 4 5 8 1 5 2 1 3 3 7 1 6]
 [3 7 4 9 9 5 9 6 5 1 5 3 1 6 5 8]
 [3 1 1 1 7 7 6 7 4 5 3 4 3 1 3 3]
 [1 2 5 3 8 5 3 9 5 5 2 5 9 9 8 1]
 [7 2 3 1 5 6 1 6 7 8 9 9 1 7 7 1]
 [9 9 3 2 6 5 8 8 6 2 8 7 1 3 1 5]
 [5 7 2 4 4 4 3 1 8 3 9 8 5 9 3 7]
 [3 7 4 6 6 3 4 3 3 9 6 9 3 7 5 4]
 [7 4 4 3 7 7 9 1 2 3 5 8 2 9 4 8]
 [3 9 2 9 8 4 6 3 2 9 6 7 7 6 3 5]
 [4 8 3 1 7 5 9 7 6 9 1 5 6 9 7 2]
 [5 1 2 9 9 7 1 2 2 4 4 3 6 8 6 1]
 [6 4 4 2 7 4 9 5 1 1 5 9 3 2 6 5]]","[[2 7 9 8 7 2 4 3 3 7 4 7 6 3 6 3]
 [5 8 8 6 7 2 8 3 3 1 9 1 6 9 6 5]
 [8 6 1 4 7 1 3 5 1 3 2 7 4 3 8 7]
 [9 4 9 2 1 7 3 9 1 9 9 8 5 8 7 7]
 [3 8 5 5 4 4 1 6 1 6 2 8 5 7 4 2]
 [1 3 1 2 1 5 9 9 3 5 1 4 4 4 7 5]
 [1 6 8 7 9 2 6 9 6 1 7 7 6 3 6 5]
 [6 2 8 9 3 5 4 3 2 1 1 3 6 7 2 4]
 [6 4 1 6 5 8 4 8 3 5 1 2 6 5 2 3]
 [3 9 8 2 9 2 7 5 9 2 6 5 4 4 3 4]
 [4 7 6 8 6 6 2 7 2 5 8 4 3 5 6 9]
 [5 6 2 8 4 5 7 1 4 4 9 2 8 1 7 9]
 [7 5 9 4 9 7 1 9 1 8 8 2 6 1 4 8]
 [9 2 2 1 7 8 3 1 6 9 8 5 2 6 8 3]
 [8 7 4 1 2 1 5 1 9 8 6 6 5 5 9 5]
 [1 6 4 2 4 7 4 8 9 8 9 9 3 1 9 6]]","[[203. 265. 242. 213. 265. 280. 274. 321. 193. 188. 218. 262. 220. 206.
  296. 232.]
 [333. 410. 330. 370. 391. 329. 323. 399. 325. 348. 407. 334. 338. 274.
  412. 379.]
 [192. 239. 240. 300. 307. 176. 218. 242. 222. 199. 263. 186. 215. 254.
  241. 251.]
 [224. 233. 248. 155. 241. 173. 168. 198. 208. 273. 311. 200. 186. 170.
  283. 249.]
 [366. 357. 343. 241. 276. 246. 287. 350. 318. 435. 452. 335. 328. 264.
  360. 378.]
 [274. 305. 245. 168. 203. 145. 130. 223. 124. 239. 296. 282. 217. 215.
  338. 312.]
 [411. 359. 296. 303. 252. 305. 216. 307. 162. 300. 333. 314. 257. 268.
  441. 404.]
 [302. 420. 325. 251. 317. 289. 295. 184. 191. 299. 311. 300. 325. 286.
  418. 367.]
 [345. 332. 430. 265. 230. 253. 221. 324. 217. 355. 338. 381. 359. 276.
  378. 269.]
 [316. 320. 345. 312. 377. 280. 264. 323. 232. 333. 230. 317. 287. 297.
  345. 275.]
 [293. 344. 367. 309. 321. 242. 320. 310. 230. 278. 306. 312. 311. 311.
  353. 283.]
 [224. 368. 343. 282. 329. 282. 293. 466. 224. 275. 283. 366. 267. 281.
  337. 298.]
 [271. 352. 381. 326. 346. 320. 336. 389. 191. 223. 338. 331. 357. 322.
  350. 352.]
 [331. 399. 424. 376. 349. 267. 250. 410. 221. 282. 377. 283. 319. 316.
  341. 422.]
 [314. 273. 244. 229. 269. 289. 263. 349. 201. 248. 180. 212. 249. 227.
  323. 354.]
 [275. 327. 285. 275. 286. 253. 228. 360. 248. 289. 313. 255. 264. 262.
  259. 306.]]"
12,"[[7 4 6 4 2 1 3 3 5 4 5 9 1 2 8 2]
 [4 8 2 7 6 6 9 3 8 8 4 9 2 8 8 3]
 [7 5 3 5 3 2 1 9 1 2 1 9 7 3 1 2]
 [2 7 4 4 5 8 1 5 2 1 3 3 7 1 6 1]
 [7 4 9 9 5 9 6 5 1 5 3 1 6 5 8 3]
 [1 1 1 7 7 6 7 4 5 3 4 3 1 3 3 3]
 [2 5 3 8 5 3 9 5 5 2 5 9 9 8 1 1]
 [2 3 1 5 6 1 6 7 8 9 9 1 7 7 1 7]
 [9 3 2 6 5 8 8 6 2 8 7 1 3 1 5 9]
 [7 2 4 4 4 3 1 8 3 9 8 5 9 3 7 5]
 [7 4 6 6 3 4 3 3 9 6 9 3 7 5 4 3]
 [4 4 3 7 7 9 1 2 3 5 8 2 9 4 8 7]
 [9 2 9 8 4 6 3 2 9 6 7 7 6 3 5 3]
 [8 3 1 7 5 9 7 6 9 1 5 6 9 7 2 4]
 [1 2 9 9 7 1 2 2 4 4 3 6 8 6 1 5]
 [4 4 2 7 4 9 5 1 1 5 9 3 2 6 5 6]]","[[5 8 8 6 7 2 8 3 3 1 9 1 6 9 6 5]
 [8 6 1 4 7 1 3 5 1 3 2 7 4 3 8 7]
 [9 4 9 2 1 7 3 9 1 9 9 8 5 8 7 7]
 [3 8 5 5 4 4 1 6 1 6 2 8 5 7 4 2]
 [1 3 1 2 1 5 9 9 3 5 1 4 4 4 7 5]
 [1 6 8 7 9 2 6 9 6 1 7 7 6 3 6 5]
 [6 2 8 9 3 5 4 3 2 1 1 3 6 7 2 4]
 [6 4 1 6 5 8 4 8 3 5 1 2 6 5 2 3]
 [3 9 8 2 9 2 7 5 9 2 6 5 4 4 3 4]
 [4 7 6 8 6 6 2 7 2 5 8 4 3 5 6 9]
 [5 6 2 8 4 5 7 1 4 4 9 2 8 1 7 9]
 [7 5 9 4 9 7 1 9 1 8 8 2 6 1 4 8]
 [9 2 2 1 7 8 3 1 6 9 8 5 2 6 8 3]
 [8 7 4 1 2 1 5 1 9 8 6 6 5 5 9 5]
 [1 6 4 2 4 7 4 8 9 8 9 9 3 1 9 6]
 [2 7 9 8 7 2 4 3 3 7 4 7 6 3 6 3]]","[[207. 314. 278. 261. 293. 284. 278. 330. 202. 223. 234. 297. 274. 209.
  308. 256.]
 [348. 442. 394. 382. 440. 341. 371. 426. 334. 356. 479. 338. 392. 292.
  460. 419.]
 [208. 281. 245. 312. 342. 179. 224. 247. 231. 202. 267. 193. 251. 275.
  265. 258.]
 [233. 241. 311. 163. 245. 208. 192. 207. 213. 291. 320. 224. 201. 226.
  290. 291.]
 [375. 413. 363. 286. 312. 266. 296. 386. 323. 441. 462. 359. 333. 306.
  380. 394.]
 [277. 308. 246. 170. 210. 180. 184. 286. 136. 264. 299. 298. 229. 219.
  359. 327.]
 [412. 371. 336. 324. 324. 315. 234. 388. 192. 305. 347. 349. 311. 295.
  489. 409.]
 [344. 424. 349. 260. 332. 319. 299. 202. 205. 307. 320. 327. 331. 335.
  432. 371.]
 [399. 368. 433. 277. 260. 293. 253. 388. 235. 365. 346. 395. 365. 291.
  380. 284.]
 [331. 383. 361. 320. 413. 288. 285. 328. 304. 339. 284. 357. 307. 333.
  354. 303.]
 [305. 393. 391. 357. 357. 260. 328. 331. 236. 323. 354. 348. 320. 346.
  383. 319.]
 [259. 392. 351. 306. 357. 317. 356. 467. 232. 287. 328. 382. 283. 290.
  365. 370.]
 [292. 397. 399. 362. 418. 348. 342. 416. 193. 295. 386. 345. 399. 328.
  362. 392.]
 [367. 415. 430. 377. 398. 307. 277. 417. 257. 363. 385. 308. 331. 370.
  397. 428.]
 [354. 280. 252. 238. 287. 296. 268. 351. 219. 280. 204. 230. 279. 267.
  377. 359.]
 [281. 351. 301. 279. 314. 281. 264. 400. 257. 297. 358. 336. 273. 264.
  313. 336.]]"
13,"[[4 6 4 2 1 3 3 5 4 5 9 1 2 8 2 7]
 [8 2 7 6 6 9 3 8 8 4 9 2 8 8 3 4]
 [5 3 5 3 2 1 9 1 2 1 9 7 3 1 2 7]
 [7 4 4 5 8 1 5 2 1 3 3 7 1 6 1 2]
 [4 9 9 5 9 6 5 1 5 3 1 6 5 8 3 7]
 [1 1 7 7 6 7 4 5 3 4 3 1 3 3 3 1]
 [5 3 8 5 3 9 5 5 2 5 9 9 8 1 1 2]
 [3 1 5 6 1 6 7 8 9 9 1 7 7 1 7 2]
 [3 2 6 5 8 8 6 2 8 7 1 3 1 5 9 9]
 [2 4 4 4 3 1 8 3 9 8 5 9 3 7 5 7]
 [4 6 6 3 4 3 3 9 6 9 3 7 5 4 3 7]
 [4 3 7 7 9 1 2 3 5 8 2 9 4 8 7 4]
 [2 9 8 4 6 3 2 9 6 7 7 6 3 5 3 9]
 [3 1 7 5 9 7 6 9 1 5 6 9 7 2 4 8]
 [2 9 9 7 1 2 2 4 4 3 6 8 6 1 5 1]
 [4 2 7 4 9 5 1 1 5 9 3 2 6 5 6 4]]","[[8 6 1 4 7 1 3 5 1 3 2 7 4 3 8 7]
 [9 4 9 2 1 7 3 9 1 9 9 8 5 8 7 7]
 [3 8 5 5 4 4 1 6 1 6 2 8 5 7 4 2]
 [1 3 1 2 1 5 9 9 3 5 1 4 4 4 7 5]
 [1 6 8 7 9 2 6 9 6 1 7 7 6 3 6 5]
 [6 2 8 9 3 5 4 3 2 1 1 3 6 7 2 4]
 [6 4 1 6 5 8 4 8 3 5 1 2 6 5 2 3]
 [3 9 8 2 9 2 7 5 9 2 6 5 4 4 3 4]
 [4 7 6 8 6 6 2 7 2 5 8 4 3 5 6 9]
 [5 6 2 8 4 5 7 1 4 4 9 2 8 1 7 9]
 [7 5 9 4 9 7 1 9 1 8 8 2 6 1 4 8]
 [9 2 2 1 7 8 3 1 6 9 8 5 2 6 8 3]
 [8 7 4 1 2 1 5 1 9 8 6 6 5 5 9 5]
 [1 6 4 2 4 7 4 8 9 8 9 9 3 1 9 6]
 [2 7 9 8 7 2 4 3 3 7 4 7 6 3 6 3]
 [5 8 8 6 7 2 8 3 3 1 9 1 6 9 6 5]]","[[242. 346. 326. 285. 307. 286. 302. 339. 217. 227. 279. 306. 280. 227.
  356. 266.]
 [380. 490. 396. 410. 482. 347. 398. 441. 342. 380. 487. 401. 400. 316.
  524. 440.]
 [271. 301. 272. 322. 345. 193. 227. 328. 232. 220. 276. 265. 286. 299.
  272. 272.]
 [239. 297. 331. 183. 265. 240. 193. 237. 215. 297. 326. 248. 236. 233.
  314. 293.]
 [382. 425. 372. 304. 317. 311. 350. 431. 326. 466. 465. 363. 357. 326.
  436. 409.]
 [278. 314. 254. 219. 273. 192. 226. 322. 166. 267. 327. 319. 235. 228.
  377. 342.]
 [424. 381. 360. 396. 339. 330. 270. 403. 202. 307. 352. 376. 365. 351.
  491. 413.]
 [356. 436. 350. 290. 362. 327. 323. 258. 229. 352. 329. 329. 373. 370.
  434. 392.]
 [426. 395. 449. 289. 305. 309. 309. 418. 253. 381. 388. 400. 377. 295.
  395. 320.]
 [359. 397. 385. 352. 437. 306. 287. 384. 310. 384. 348. 377. 334. 348.
  396. 348.]
 [340. 417. 403. 405. 369. 280. 349. 334. 272. 347. 435. 354. 376. 351.
  411. 346.]
 [287. 412. 378. 334. 420. 380. 357. 485. 235. 327. 392. 386. 337. 294.
  397. 426.]
 [373. 401. 417. 370. 446. 396. 351. 418. 247. 349. 442. 380. 411. 346.
  402. 401.]
 [431. 436. 434. 384. 408. 316. 312. 423. 338. 371. 415. 344. 376. 405.
  415. 448.]
 [355. 292. 288. 256. 315. 303. 276. 367. 255. 312. 231. 284. 303. 273.
  386. 389.]
 [289. 379. 319. 335. 342. 299. 284. 403. 260. 332. 394. 357. 285. 282.
  343. 354.]]"
14,"[[6 4 2 1 3 3 5 4 5 9 1 2 8 2 7 4]
 [2 7 6 6 9 3 8 8 4 9 2 8 8 3 4 8]
 [3 5 3 2 1 9 1 2 1 9 7 3 1 2 7 5]
 [4 4 5 8 1 5 2 1 3 3 7 1 6 1 2 7]
 [9 9 5 9 6 5 1 5 3 1 6 5 8 3 7 4]
 [1 7 7 6 7 4 5 3 4 3 1 3 3 3 1 1]
 [3 8 5 3 9 5 5 2 5 9 9 8 1 1 2 5]
 [1 5 6 1 6 7 8 9 9 1 7 7 1 7 2 3]
 [2 6 5 8 8 6 2 8 7 1 3 1 5 9 9 3]
 [4 4 4 3 1 8 3 9 8 5 9 3 7 5 7 2]
 [6 6 3 4 3 3 9 6 9 3 7 5 4 3 7 4]
 [3 7 7 9 1 2 3 5 8 2 9 4 8 7 4 4]
 [9 8 4 6 3 2 9 6 7 7 6 3 5 3 9 2]
 [1 7 5 9 7 6 9 1 5 6 9 7 2 4 8 3]
 [9 9 7 1 2 2 4 4 3 6 8 6 1 5 1 2]
 [2 7 4 9 5 1 1 5 9 3 2 6 5 6 4 4]]","[[9 4 9 2 1 7 3 9 1 9 9 8 5 8 7 7]
 [3 8 5 5 4 4 1 6 1 6 2 8 5 7 4 2]
 [1 3 1 2 1 5 9 9 3 5 1 4 4 4 7 5]
 [1 6 8 7 9 2 6 9 6 1 7 7 6 3 6 5]
 [6 2 8 9 3 5 4 3 2 1 1 3 6 7 2 4]
 [6 4 1 6 5 8 4 8 3 5 1 2 6 5 2 3]
 [3 9 8 2 9 2 7 5 9 2 6 5 4 4 3 4]
 [4 7 6 8 6 6 2 7 2 5 8 4 3 5 6 9]
 [5 6 2 8 4 5 7 1 4 4 9 2 8 1 7 9]
 [7 5 9 4 9 7 1 9 1 8 8 2 6 1 4 8]
 [9 2 2 1 7 8 3 1 6 9 8 5 2 6 8 3]
 [8 7 4 1 2 1 5 1 9 8 6 6 5 5 9 5]
 [1 6 4 2 4 7 4 8 9 8 9 9 3 1 9 6]
 [2 7 9 8 7 2 4 3 3 7 4 7 6 3 6 3]
 [5 8 8 6 7 2 8 3 3 1 9 1 6 9 6 5]
 [8 6 1 4 7 1 3 5 1 3 2 7 4 3 8 7]]","[[274. 382. 330. 293. 314. 289. 311. 364. 221. 242. 297. 313. 288. 251.
  372. 315.]
 [452. 498. 459. 422. 488. 410. 407. 513. 350. 416. 568. 417. 440. 380.
  545. 468.]
 [286. 325. 297. 337. 353. 197. 236. 334. 234. 226. 294. 321. 301. 306.
  280. 286.]
 [246. 309. 335. 193. 273. 245. 238. 255. 218. 312. 329. 276. 240. 257.
  321. 303.]
 [386. 479. 444. 339. 398. 323. 380. 440. 356. 469. 472. 405. 387. 350.
  454. 444.]
 [284. 316. 310. 282. 291. 227. 242. 337. 172. 271. 330. 322. 253. 249.
  383. 346.]
 [454. 393. 368. 426. 354. 402. 290. 443. 208. 332. 361. 394. 413. 356.
  493. 419.]
 [365. 445. 390. 302. 371. 339. 372. 298. 310. 370. 335. 364. 401. 374.
  455. 400.]
 [438. 409. 485. 329. 353. 357. 321. 432. 269. 416. 396. 412. 380. 320.
  449. 401.]
 [369. 421. 393. 384. 449. 311. 343. 387. 346. 416. 393. 395. 358. 355.
  431. 411.]
 [368. 447. 457. 417. 405. 301. 352. 415. 278. 419. 459. 368. 406. 355.
  423. 402.]
 [323. 418. 392. 341. 483. 388. 363. 488. 265. 399. 408. 431. 345. 342.
  453. 438.]
 [389. 464. 449. 374. 458. 399. 361. 427. 301. 405. 484. 416. 426. 371.
  429. 446.]
 [434. 442. 462. 394. 444. 365. 336. 495. 347. 411. 469. 425. 397. 407.
  451. 496.]
 [359. 355. 369. 312. 322. 307. 284. 379. 267. 333. 255. 340. 339. 276.
  416. 392.]
 [309. 395. 375. 359. 405. 309. 292. 406. 275. 341. 421. 359. 321. 327.
  379. 374.]]"
15,"[[4 2 1 3 3 5 4 5 9 1 2 8 2 7 4 6]
 [7 6 6 9 3 8 8 4 9 2 8 8 3 4 8 2]
 [5 3 2 1 9 1 2 1 9 7 3 1 2 7 5 3]
 [4 5 8 1 5 2 1 3 3 7 1 6 1 2 7 4]
 [9 5 9 6 5 1 5 3 1 6 5 8 3 7 4 9]
 [7 7 6 7 4 5 3 4 3 1 3 3 3 1 1 1]
 [8 5 3 9 5 5 2 5 9 9 8 1 1 2 5 3]
 [5 6 1 6 7 8 9 9 1 7 7 1 7 2 3 1]
 [6 5 8 8 6 2 8 7 1 3 1 5 9 9 3 2]
 [4 4 3 1 8 3 9 8 5 9 3 7 5 7 2 4]
 [6 3 4 3 3 9 6 9 3 7 5 4 3 7 4 6]
 [7 7 9 1 2 3 5 8 2 9 4 8 7 4 4 3]
 [8 4 6 3 2 9 6 7 7 6 3 5 3 9 2 9]
 [7 5 9 7 6 9 1 5 6 9 7 2 4 8 3 1]
 [9 7 1 2 2 4 4 3 6 8 6 1 5 1 2 9]
 [7 4 9 5 1 1 5 9 3 2 6 5 6 4 4 2]]","[[3 8 5 5 4 4 1 6 1 6 2 8 5 7 4 2]
 [1 3 1 2 1 5 9 9 3 5 1 4 4 4 7 5]
 [1 6 8 7 9 2 6 9 6 1 7 7 6 3 6 5]
 [6 2 8 9 3 5 4 3 2 1 1 3 6 7 2 4]
 [6 4 1 6 5 8 4 8 3 5 1 2 6 5 2 3]
 [3 9 8 2 9 2 7 5 9 2 6 5 4 4 3 4]
 [4 7 6 8 6 6 2 7 2 5 8 4 3 5 6 9]
 [5 6 2 8 4 5 7 1 4 4 9 2 8 1 7 9]
 [7 5 9 4 9 7 1 9 1 8 8 2 6 1 4 8]
 [9 2 2 1 7 8 3 1 6 9 8 5 2 6 8 3]
 [8 7 4 1 2 1 5 1 9 8 6 6 5 5 9 5]
 [1 6 4 2 4 7 4 8 9 8 9 9 3 1 9 6]
 [2 7 9 8 7 2 4 3 3 7 4 7 6 3 6 3]
 [5 8 8 6 7 2 8 3 3 1 9 1 6 9 6 5]
 [8 6 1 4 7 1 3 5 1 3 2 7 4 3 8 7]
 [9 4 9 2 1 7 3 9 1 9 9 8 5 8 7 7]]","[[328. 398. 348. 295. 317. 310. 326. 400. 226. 323. 306. 329. 328. 267.
  421. 343.]
 [458. 554. 489. 452. 524. 422. 415. 561. 354. 470. 572. 481. 480. 401.
  561. 484.]
 [289. 340. 300. 341. 354. 242. 245. 352. 237. 271. 301. 333. 305. 314.
  329. 311.]
 [250. 333. 375. 249. 282. 255. 250. 264. 236. 315. 378. 283. 276. 260.
  333. 338.]
 [440. 497. 484. 420. 416. 348. 384. 455. 362. 470. 478. 420. 435. 371.
  468. 460.]
 [290. 344. 317. 318. 326. 259. 262. 361. 184. 286. 331. 328. 271. 264.
  385. 349.]
 [463. 465. 408. 432. 435. 412. 325. 453. 253. 350. 415. 434. 417. 360.
  499. 439.]
 [369. 480. 426. 310. 407. 381. 388. 361. 328. 375. 391. 392. 404. 409.
  467. 427.]
 [448. 445. 495. 393. 385. 387. 335. 440. 297. 420. 423. 414. 420. 329.
  512. 428.]
 [397. 441. 429. 396. 458. 367. 346. 468. 354. 456. 465. 401. 400. 360.
  459. 427.]
 [422. 459. 463. 421. 426. 325. 379. 421. 332. 446. 515. 393. 414. 373.
  479. 414.]
 [347. 467. 420. 350. 485. 390. 378. 493. 337. 415. 462. 455. 385. 377.
  489. 458.]
 [398. 512. 465. 386. 470. 413. 397. 475. 364. 461. 538. 443. 441. 374.
  510. 458.]
 [436. 491. 507. 466. 493. 377. 372. 498. 362. 453. 505. 474. 409. 419.
  499. 505.]
 [404. 427. 425. 318. 336. 311. 316. 391. 276. 339. 327. 346. 345. 321.
  422. 402.]
 [325. 437. 379. 395. 440. 310. 295. 431. 284. 350. 425. 401. 341. 345.
  411. 402.]]"
